logP,TPSA(Tot),HBA,HBD,nN,nO,n(N+O)
-1.663199999999991,301.23999999999995,10.0,10.0,8.0,10.0,18.0
